,Marketing Budget,Forecasted Sales
0,201,13.958718447038379
1,207,14.275322077502402
2,225,15.225132968894473
3,225,15.225132968894473
4,270,17.599660197374646
5,275,17.863496556094667
6,292,18.760540175742733
7,299,19.12991107795076
8,310,19.710351067134805
9,323,20.396325599806854
